term,weight,pushes_toward
reuters,-14.086374226688399,REAL
said,-9.549878174372468,REAL
washington reuters,-6.5511178812805735,REAL
said on,-6.370801560036797,REAL
washington,-4.659275130719624,REAL
on wednesday,-4.386376325465328,REAL
said in,-4.340207432327093,REAL
on tuesday,-4.17537810509824,REAL
president donald,-4.006358293262407,REAL
reuters the,-3.997203373731516,REAL
on thursday,-3.9442784101619583,REAL
said the,-3.851313425781088,REAL
on friday,-3.7207254971757115,REAL
he said,-3.631336136630071,REAL
on monday,-3.5435315977544444,REAL
minister,-3.4950300587807006,REAL
wednesday,-3.4434739074883702,REAL
tuesday,-3.339003553646569,REAL
reuters president,-3.2346499636331454,REAL
thursday,-3.156652854315689,REAL
republican,-3.122990467403516,REAL
its,-2.9390853831145596,REAL
friday,-2.867653752967015,REAL
said he,-2.7807820843834805,REAL
monday,-2.704365149307233,REAL
